id,job_title,Cards_titles,Ratings,Reviews,Salaries,Jobs_count,logo,url
0,Data Analyst,Telstra,4,5K,115K,166,https://media.glassdoor.com/sql/6563/telstra-squareLogo-1689913293501.png,"https://www.glassdoor.com.au/Overview/Working-at-Telstra-EI_IE6563.11,18.htm"
1,Data Analyst,NAB,3.7,4.6K,90K,119,https://media.glassdoor.com/sql/4262/national-australia-bank-squarelogo-1618838757130.png,"https://www.glassdoor.com.au/Overview/Working-at-NAB-National-Australia-Bank-EI_IE4262.11,38.htm"
2,Data Analyst,ANZ,3.9,5.8K,110K,191,https://media.glassdoor.com/sql/5782/anz-squareLogo-1716336044712.png,"https://www.glassdoor.com.au/Overview/Working-at-ANZ-EI_IE5782.11,14.htm"
3,Data Analyst,Commonwealth Bank of Australia,3.9,7.4K,100K,552,https://media.glassdoor.com/sql/7922/commonwealth-bank-of-australia-squarelogo-1603344370848.png,"https://www.glassdoor.com.au/Overview/Working-at-Commonwealth-Bank-of-Australia-EI_IE7922.11,41.htm"
4,Data Analyst,Westpac Group,3.7,3.9K,113K,251,https://media.glassdoor.com/sql/5769/westpac-group-squareLogo-1616646560666.png,"https://www.glassdoor.com.au/Overview/Working-at-Westpac-Group-EI_IE5769.11,24.htm"
5,Data Analyst,EY,3.4,96.7K,89K,9.2K,https://media.glassdoor.com/sql/2784/ey-squareLogo-1689166016078.png,"https://www.glassdoor.com.au/Overview/Working-at-EY-EI_IE2784.11,13.htm"
6,Data Analyst,Deloitte,3.9,128.1K,75K,28.4K,https://media.glassdoor.com/sql/2763/deloitte-squareLogo-1674210308592.png,"https://www.glassdoor.com.au/Overview/Working-at-Deloitte-EI_IE2763.11,19.htm"
7,Data Analyst,Macquarie Group,3.8,4.7K,109.5K,534,https://media.glassdoor.com/sql/12088/macquarie-group-squareLogo-1684797770187.png,"https://www.glassdoor.com.au/Overview/Working-at-Macquarie-Group-EI_IE12088.11,26.htm"
8,Data Analyst,Quantium,4.1,408,100.5K,--,https://media.glassdoor.com/sql/473233/quantium-squarelogo-1521840068846.png,"https://www.glassdoor.com.au/Overview/Working-at-Quantium-EI_IE473233.11,19.htm"
9,Data Analyst,KPMG,3.3,70.9K,81.5K,11.5K,https://media.glassdoor.com/sql/2867/kpmg-squareLogo-1724938664417.png,"https://www.glassdoor.com.au/Overview/Working-at-KPMG-EI_IE2867.11,15.htm"
0,Software Engineer,Atlassian,3.7,3K,175K,301,https://media.glassdoor.com/sql/115699/atlassian-squarelogo-1505156989127.png,"https://www.glassdoor.com.au/Overview/Working-at-Atlassian-EI_IE115699.11,20.htm"
1,Software Engineer,Amazon,3.6,216.4K,149K,24.5K,https://media.glassdoor.com/sql/6036/amazon-squarelogo-1552847650117.png,"https://www.glassdoor.com.au/Overview/Working-at-Amazon-EI_IE6036.11,17.htm"
2,Software Engineer,Google,4.3,58K,150K,4.7K,https://media.glassdoor.com/sql/9079/google-squarelogo-1441130773284.png,"https://www.glassdoor.com.au/Overview/Working-at-Google-EI_IE9079.11,17.htm"
3,Software Engineer,Accenture,3.9,188K,90K,86.1K,https://media.glassdoor.com/sql/4138/accenture-squareLogo-1709650590794.png,"https://www.glassdoor.com.au/Overview/Working-at-Accenture-EI_IE4138.11,20.htm"
4,Software Engineer,Commonwealth Bank of Australia,3.9,7.4K,116.5K,552,https://media.glassdoor.com/sql/7922/commonwealth-bank-of-australia-squarelogo-1603344370848.png,"https://www.glassdoor.com.au/Overview/Working-at-Commonwealth-Bank-of-Australia-EI_IE7922.11,41.htm"
5,Software Engineer,NAB,3.7,4.6K,95K,119,https://media.glassdoor.com/sql/4262/national-australia-bank-squarelogo-1618838757130.png,"https://www.glassdoor.com.au/Overview/Working-at-NAB-National-Australia-Bank-EI_IE4262.11,38.htm"
6,Software Engineer,Infosys,3.7,112.9K,85K,2.7K,https://media.glassdoor.com/sql/7927/infosys-squareLogo-1620208556721.png,"https://www.glassdoor.com.au/Overview/Working-at-Infosys-EI_IE7927.11,18.htm"
7,Software Engineer,Macquarie Group,3.8,4.7K,112K,534,https://media.glassdoor.com/sql/12088/macquarie-group-squareLogo-1684797770187.png,"https://www.glassdoor.com.au/Overview/Working-at-Macquarie-Group-EI_IE12088.11,26.htm"
8,Software Engineer,IBM,4,119.9K,104.5K,5.2K,https://media.glassdoor.com/sql/354/ibm-squareLogo-1680100245029.png,"https://www.glassdoor.com.au/Overview/Working-at-IBM-EI_IE354.11,14.htm"
9,Software Engineer,Tata Consultancy Services,3.7,156.1K,95K,671,https://media.glassdoor.com/sql/13461/tata-consultancy-services-squareLogo-1715076690903.png,"https://www.glassdoor.com.au/Overview/Working-at-Tata-Consultancy-Services-EI_IE13461.11,36.htm"
0,Lawyer,PwC,3.6,90.7K,94.5K,22.6K,https://media.glassdoor.com/sql/8450/pwc-squareLogo-1710175827241.png,"https://www.glassdoor.com.au/Overview/Working-at-PwC-EI_IE8450.11,14.htm"
1,Lawyer,Ashurst,4,490,115K,160,https://media.glassdoor.com/sql/36655/ashurst-squareLogo-1707283160585.png,"https://www.glassdoor.com.au/Overview/Working-at-Ashurst-EI_IE36655.11,18.htm"
2,Lawyer,MinterEllison,3.9,281,95K,50,https://media.glassdoor.com/sql/503740/minterellison-squareLogo-1615948376728.png,"https://www.glassdoor.com.au/Overview/Working-at-MinterEllison-EI_IE503740.11,24.htm"
3,Lawyer,HWL Ebsworth,3.6,210,90K,--,https://media.glassdoor.com/sql/657895/hwl-ebsworth-squarelogo-1448281808509.png,"https://www.glassdoor.com.au/Overview/Working-at-HWL-Ebsworth-EI_IE657895.11,23.htm"
4,Lawyer,KPMG,3.3,70.9K,103K,11.5K,https://media.glassdoor.com/sql/2867/kpmg-squareLogo-1724938664417.png,"https://www.glassdoor.com.au/Overview/Working-at-KPMG-EI_IE2867.11,15.htm"
5,Lawyer,Clayton Utz,3.5,152,110.5K,42,https://media.glassdoor.com/sql/199432/clayton-utz-squarelogo-1461159658718.png,"https://www.glassdoor.com.au/Overview/Working-at-Clayton-Utz-EI_IE199432.11,22.htm"
6,Lawyer,Westpac Group,3.7,3.9K,186.5K,251,https://media.glassdoor.com/sql/5769/westpac-group-squareLogo-1616646560666.png,"https://www.glassdoor.com.au/Overview/Working-at-Westpac-Group-EI_IE5769.11,24.htm"
7,Lawyer,Herbert Smith Freehills,3.7,712,117.5K,12,https://media.glassdoor.com/sql/661319/herbert-smith-freehills-squarelogo-1393957784664.png,"https://www.glassdoor.com.au/Overview/Working-at-Herbert-Smith-Freehills-EI_IE661319.11,34.htm"
8,Lawyer,Norton Rose Fulbright,3.7,860,90.5K,106,https://media.glassdoor.com/sql/36196/norton-rose-squarelogo.png,"https://www.glassdoor.com.au/Overview/Working-at-Norton-Rose-Fulbright-EI_IE36196.11,32.htm"
9,Lawyer,Hall & Wilcox,4.1,89,96.5K,34,https://media.glassdoor.com/sql/1382545/hall-and-wilcox-squarelogo-1550840189646.png,"https://www.glassdoor.com.au/Overview/Working-at-Hall-and-Wilcox-EI_IE1382545.11,26.htm"
0,Nurse,Queensland Health,3.8,761,88.5K,1.2K,https://media.glassdoor.com/sql/242739/queensland-health-squarelogo.png,"https://www.glassdoor.com.au/Overview/Working-at-Queensland-Health-EI_IE242739.11,28.htm"
1,Nurse,Queensland Government,4,484,93K,18,https://media.glassdoor.com/sql/701198/queensland-government-squarelogo-1428430598841.png,"https://www.glassdoor.com.au/Overview/Working-at-Queensland-Government-EI_IE701198.11,32.htm"
2,Nurse,Northern NSW Local Health District,3.6,12,80K,63,https://media.glassdoor.com/sql/231682/northern-nsw-local-health-district-squarelogo-1460560726390.png,"https://www.glassdoor.com.au/Overview/Working-at-Northern-NSW-Local-Health-District-EI_IE231682.11,45.htm"
3,Nurse,Monash Health,3.6,316,78.5K,96,https://media.glassdoor.com/sql/138060/monash-health-squareLogo-1680011781703.png,"https://www.glassdoor.com.au/Overview/Working-at-Monash-Health-EI_IE138060.11,24.htm"
4,Nurse,St John of God Health Care,3.8,158,83K,57,https://media.glassdoor.com/sql/297668/st-john-of-god-health-care-squarelogo-1460457933141.png,"https://www.glassdoor.com.au/Overview/Working-at-St-John-of-God-Health-Care-EI_IE297668.11,37.htm"
5,Nurse,Epworth HealthCare,3.8,118,80K,36,https://media.glassdoor.com/sql/667001/epworth-healthcare-squarelogo-1573625706757.png,"https://www.glassdoor.com.au/Overview/Working-at-Epworth-HealthCare-EI_IE667001.11,29.htm"
6,Nurse,St. Vincent's Hospital,3.8,389,78.5K,--,https://media.glassdoor.com/sql/477250/st-vincent-s-hospital-squarelogo.png,"https://www.glassdoor.com.au/Overview/Working-at-St-Vincent-s-Hospital-EI_IE477250.11,32.htm"
7,Nurse,Sydney Children's Hospital Network,3.5,67,79.5K,34,https://media.glassdoor.com/sql/658223/sydney-children-s-hospital-network-squarelogo-1582541318432.png,"https://www.glassdoor.com.au/Overview/Working-at-Sydney-Children-s-Hospital-Network-EI_IE658223.11,45.htm"
8,Nurse,NSW Government,4,555,79K,437,https://media.glassdoor.com/sql/692679/nsw-government-squarelogo-1424865545375.png,"https://www.glassdoor.com.au/Overview/Working-at-NSW-Government-EI_IE692679.11,25.htm"
9,Nurse,Western NSW Local Health District,3.9,16,79.5K,88,https://media.glassdoor.com/sql/2336619/western-nsw-local-health-district-squarelogo-1585654864513.png,"https://www.glassdoor.com.au/Overview/Working-at-Western-NSW-Local-Health-District-EI_IE2336619.11,44.htm"
0,Accountant,KPMG,3.3,70.9K,70K,11.5K,https://media.glassdoor.com/sql/2867/kpmg-squareLogo-1724938664417.png,"https://www.glassdoor.com.au/Overview/Working-at-KPMG-EI_IE2867.11,15.htm"
1,Accountant,PwC,3.6,90.7K,69.5K,22.6K,https://media.glassdoor.com/sql/8450/pwc-squareLogo-1710175827241.png,"https://www.glassdoor.com.au/Overview/Working-at-PwC-EI_IE8450.11,14.htm"
2,Accountant,Deloitte,3.9,128.1K,69.5K,28.4K,https://media.glassdoor.com/sql/2763/deloitte-squareLogo-1674210308592.png,"https://www.glassdoor.com.au/Overview/Working-at-Deloitte-EI_IE2763.11,19.htm"
3,Accountant,EY,3.4,96.7K,66K,9.2K,https://media.glassdoor.com/sql/2784/ey-squareLogo-1689166016078.png,"https://www.glassdoor.com.au/Overview/Working-at-EY-EI_IE2784.11,13.htm"
4,Accountant,BDO,3.7,10.4K,67.5K,3K,https://media.glassdoor.com/sql/7508/bdo-squarelogo-1483547777625.png,"https://www.glassdoor.com.au/Overview/Working-at-BDO-EI_IE7508.11,14.htm"
5,Accountant,ABC,3.9,18.3K,75.5K,12,https://media.glassdoor.com/sql/130/abc-squarelogo.png,"https://www.glassdoor.com.au/Overview/Working-at-ABC-EI_IE130.11,14.htm"
6,Accountant,Hays,3.5,7.1K,79.5K,4.6K,https://media.glassdoor.com/sql/10166/hays-squareLogo-1656914533819.png,"https://www.glassdoor.com.au/Overview/Working-at-Hays-EI_IE10166.11,15.htm"
7,Accountant,McDonald's,3.5,155.8K,70.5K,87.9K,https://media.glassdoor.com/sql/432/mcdonald-s-squareLogo-1696368009989.png,"https://www.glassdoor.com.au/Overview/Working-at-McDonald-s-EI_IE432.11,21.htm"
8,Accountant,RSM,3.8,7.6K,65K,1.5K,https://media.glassdoor.com/sql/691963/rsm-squarelogo-1498047239127.png,"https://www.glassdoor.com.au/Overview/Working-at-RSM-EI_IE691963.11,14.htm"
9,Accountant,Woolworths Group,3.6,7.9K,76K,190,https://media.glassdoor.com/sql/7481/woolworths-limited-squarelogo-1504233417864.png,"https://www.glassdoor.com.au/Overview/Working-at-Woolworths-Group-EI_IE7481.11,27.htm"
0,Banker,NAB,3.7,4.6K,79K,119,https://media.glassdoor.com/sql/4262/national-australia-bank-squarelogo-1618838757130.png,"https://www.glassdoor.com.au/Overview/Working-at-NAB-National-Australia-Bank-EI_IE4262.11,38.htm"
1,Banker,Westpac Group,3.7,3.9K,70K,251,https://media.glassdoor.com/sql/5769/westpac-group-squareLogo-1616646560666.png,"https://www.glassdoor.com.au/Overview/Working-at-Westpac-Group-EI_IE5769.11,24.htm"
2,Banker,ANZ,3.9,5.8K,81K,191,https://media.glassdoor.com/sql/5782/anz-squareLogo-1716336044712.png,"https://www.glassdoor.com.au/Overview/Working-at-ANZ-EI_IE5782.11,14.htm"
3,Banker,Commonwealth Bank of Australia,3.9,7.4K,74K,552,https://media.glassdoor.com/sql/7922/commonwealth-bank-of-australia-squarelogo-1603344370848.png,"https://www.glassdoor.com.au/Overview/Working-at-Commonwealth-Bank-of-Australia-EI_IE7922.11,41.htm"
4,Banker,Macquarie Group,3.8,4.7K,83K,534,https://media.glassdoor.com/sql/12088/macquarie-group-squareLogo-1684797770187.png,"https://www.glassdoor.com.au/Overview/Working-at-Macquarie-Group-EI_IE12088.11,26.htm"
5,Banker,HSBC,3.9,32.4K,70K,1.8K,https://media.glassdoor.com/sql/3482/hsbc-holdings-squarelogo.png,"https://www.glassdoor.com.au/Overview/Working-at-HSBC-EI_IE3482.11,15.htm"
6,Banker,Bendigo Bank,3.6,307,72K,92,https://media.glassdoor.com/sql/352361/bendigo-bank-squareLogo-1682642471105.png,"https://www.glassdoor.com.au/Overview/Working-at-Bendigo-Bank-EI_IE352361.11,23.htm"
7,Banker,Citi,3.7,37.4K,67.5K,5.1K,https://media.glassdoor.com/sql/8843/citi-squareLogo-1686753614162.png,https://www.glassdoor.com.au/citi
8,Banker,Credit Suisse,3.9,13.5K,97K,1,https://media.glassdoor.com/sql/3141/credit-suisse-squarelogo-1474560002423.png,"https://www.glassdoor.com.au/Overview/Working-at-Credit-Suisse-EI_IE3141.11,24.htm"
9,Banker,Bank of America,4,43.6K,122.5K,2.2K,https://media.glassdoor.com/sql/8874/bank-of-america-squareLogo-1696271923493.png,"https://www.glassdoor.com.au/Overview/Working-at-Bank-of-America-EI_IE8874.11,26.htm"
0,Electrical Engineer,Aurecon,4,1.1K,87.5K,117,https://media.glassdoor.com/sql/309607/aurecon-squareLogo-1722814844719.png,"https://www.glassdoor.com.au/Overview/Working-at-Aurecon-EI_IE309607.11,18.htm"
1,Electrical Engineer,BHP,4.1,2.7K,97.5K,145,https://media.glassdoor.com/sql/3459/bhp-squarelogo-1568088884571.png,"https://www.glassdoor.com.au/Overview/Working-at-BHP-EI_IE3459.11,14.htm"
2,Electrical Engineer,Downer,3.5,941,120K,425,https://media.glassdoor.com/sql/41953/downer-group-squarelogo-1413228518321.png,"https://www.glassdoor.com.au/Overview/Working-at-Downer-EI_IE41953.11,17.htm"
3,Electrical Engineer,WSP,3.8,6.7K,97.5K,2.8K,https://media.glassdoor.com/sql/13584/wsp-squarelogo-1494428744957.png,"https://www.glassdoor.com.au/Overview/Working-at-WSP-EI_IE13584.11,14.htm"
4,Electrical Engineer,Worley,3.9,3.8K,74K,1K,https://media.glassdoor.com/sql/35193/worley-squareLogo-1709713869649.png,"https://www.glassdoor.com.au/Overview/Working-at-Worley-EI_IE35193.11,17.htm"
5,Electrical Engineer,Arup,4,4.4K,93K,752,https://media.glassdoor.com/sql/31809/arup-squarelogo-1610531232407.png,"https://www.glassdoor.com.au/Overview/Working-at-Arup-EI_IE31809.11,15.htm"
6,Electrical Engineer,AECOM,3.8,11.3K,86.5K,4.4K,https://media.glassdoor.com/sql/5632/aecom-squareLogo-1623070279712.png,"https://www.glassdoor.com.au/Overview/Working-at-AECOM-EI_IE5632.11,16.htm"
7,Electrical Engineer,Schneider Electric,4.2,17.1K,130K,3.2K,https://media.glassdoor.com/sql/3956/schneider-electric-squareLogo-1712717816531.png,"https://www.glassdoor.com.au/Overview/Working-at-Schneider-Electric-EI_IE3956.11,29.htm"
8,Electrical Engineer,GHD,3.8,1.7K,93K,790,https://media.glassdoor.com/sql/146364/ghd-squareLogo-1632880445301.png,"https://www.glassdoor.com.au/Overview/Working-at-GHD-EI_IE146364.11,14.htm"
9,Electrical Engineer,Jacobs,3.9,8K,97.5K,1.3K,https://media.glassdoor.com/sql/913/jacobs-squarelogo-1574653848502.png,"https://www.glassdoor.com.au/Overview/Working-at-Jacobs-EI_IE913.11,17.htm"
0,Mining Engineer,Rio Tinto,3.9,2.7K,140K,18,https://media.glassdoor.com/sql/6685/rio-tinto-squareLogo-1683171283625.png,"https://www.glassdoor.com.au/Overview/Working-at-Rio-Tinto-EI_IE6685.11,20.htm"
1,Mining Engineer,BHP,4.1,2.7K,149K,145,https://media.glassdoor.com/sql/3459/bhp-squarelogo-1568088884571.png,"https://www.glassdoor.com.au/Overview/Working-at-BHP-EI_IE3459.11,14.htm"
2,Mining Engineer,Glencore,3.8,917,131.5K,237,https://media.glassdoor.com/sql/12231/glencore-squarelogo-1434964400620.png,"https://www.glassdoor.com.au/Overview/Working-at-Glencore-EI_IE12231.11,19.htm"
3,Mining Engineer,Fortescue,3.6,390,150K,--,https://media.glassdoor.com/sql/100301/fortescue-squarelogo-1709790927570.png,"https://www.glassdoor.com.au/Overview/Working-at-Fortescue-EI_IE100301.11,20.htm"
4,Mining Engineer,Thiess,3.6,216,140.5K,74,https://media.glassdoor.com/sql/307023/thiess-squarelogo.png,"https://www.glassdoor.com.au/Overview/Working-at-Thiess-EI_IE307023.11,17.htm"
5,Mining Engineer,South32,3.8,282,135K,65,https://media.glassdoor.com/sql/1054866/south32-squarelogo-1483653859741.png,"https://www.glassdoor.com.au/Overview/Working-at-South32-EI_IE1054866.11,18.htm"
6,Mining Engineer,Gold Fields,3.8,140,128K,--,https://media.glassdoor.com/sql/7700/gold-fields-squarelogo.png,"https://www.glassdoor.com.au/Overview/Working-at-Gold-Fields-EI_IE7700.11,22.htm"
7,Mining Engineer,Downer,3.5,941,132K,425,https://media.glassdoor.com/sql/41953/downer-group-squarelogo-1413228518321.png,"https://www.glassdoor.com.au/Overview/Working-at-Downer-EI_IE41953.11,17.htm"
8,Mining Engineer,Anglo American,4.4,1.8K,160K,2,https://media.glassdoor.com/sql/3491/anglo-american-squareLogo-1618920968070.png,"https://www.glassdoor.com.au/Overview/Working-at-Anglo-American-EI_IE3491.11,25.htm"
9,Mining Engineer,AngloGold Ashanti,4.1,743,124K,20,https://media.glassdoor.com/sql/5187/anglogold-ashanti-squarelogo-1425277697150.png,"https://www.glassdoor.com.au/Overview/Working-at-AngloGold-Ashanti-EI_IE5187.11,28.htm"
0,Sales Manager,Telstra,4,5K,140K,166,https://media.glassdoor.com/sql/6563/telstra-squareLogo-1689913293501.png,"https://www.glassdoor.com.au/Overview/Working-at-Telstra-EI_IE6563.11,18.htm"
1,Sales Manager,McDonald's,3.5,155.8K,130K,87.9K,https://media.glassdoor.com/sql/432/mcdonald-s-squareLogo-1696368009989.png,"https://www.glassdoor.com.au/Overview/Working-at-McDonald-s-EI_IE432.11,21.htm"
2,Sales Manager,Oracle,3.8,57.1K,237.5K,3.7K,https://media.glassdoor.com/sql/1737/oracle-squarelogo-1570718316042.png,"https://www.glassdoor.com.au/Overview/Working-at-Oracle-EI_IE1737.11,17.htm"
3,Sales Manager,Myer,3.7,1.8K,67K,27,https://media.glassdoor.com/sql/354429/myer-squarelogo.png,"https://www.glassdoor.com.au/Overview/Working-at-Myer-EI_IE354429.11,15.htm"
4,Sales Manager,Optus,3.5,2.3K,125K,6,https://media.glassdoor.com/sql/9784/optus-squarelogo-1620228912481.png,"https://www.glassdoor.com.au/Overview/Working-at-Optus-EI_IE9784.11,16.htm"
5,Sales Manager,David Jones,3.7,1.5K,77K,41,https://media.glassdoor.com/sql/42023/david-jones-squarelogo.png,"https://www.glassdoor.com.au/Overview/Working-at-David-Jones-EI_IE42023.11,22.htm"
6,Sales Manager,Microsoft,4.2,58.9K,296K,2.4K,https://media.glassdoor.com/sql/1651/microsoft-squarelogo-1479856042252.png,"https://www.glassdoor.com.au/Overview/Working-at-Microsoft-EI_IE1651.11,20.htm"
7,Sales Manager,JB Hi-Fi,3.8,1.1K,92.5K,188,https://media.glassdoor.com/sql/473817/jb-hi-fi-squarelogo-1483615387949.png,"https://www.glassdoor.com.au/Overview/Working-at-JB-Hi-Fi-EI_IE473817.11,19.htm"
8,Sales Manager,IKEA,3.8,15.8K,102.5K,2.5K,https://media.glassdoor.com/sql/3957/ikea-squareLogo-1699869713959.png,"https://www.glassdoor.com.au/Overview/Working-at-IKEA-EI_IE3957.11,15.htm"
9,Sales Manager,Coles Group,3.5,7K,91K,835,https://media.glassdoor.com/sql/3788/coles-squareLogo-1721873603131.png,"https://www.glassdoor.com.au/Overview/Working-at-Coles-Group-EI_IE3788.11,22.htm"
0,General Practitioner,Gorilla Jobs,3.9,10,339.5K,124,https://media.glassdoor.com/sql/2073275/gorilla-jobs-squarelogo-1560321877232.png,"https://www.glassdoor.com.au/Overview/Working-at-Gorilla-Jobs-EI_IE2073275.11,23.htm"
1,General Practitioner,Medfuture Medical & Healthcare Recruitment,3.6,23,281.5K,--,https://media.glassdoor.com/sql/3078246/medfuture-medical-and-healthcare-recruitment-squareLogo-1719981104330.png,"https://www.glassdoor.com.au/Overview/Working-at-Medfuture-Medical-and-Healthcare-Recruitment-EI_IE3078246.11,55.htm"
2,General Practitioner,SelfEmployed.com,4.4,15.8K,150K,--,https://www.glassdoor.com.au/assets/images/infosite/header-company-logo.png,"https://www.glassdoor.com.au/Overview/Working-at-SelfEmployed-com-EI_IE5529631.11,27.htm"
3,General Practitioner,Healthcare Professionals Group Salaries,3.7,16,350K,--,https://media.glassdoor.com/sql/3081189/healthcare-professionals-group-squarelogo-1629449278613.png,"https://www.glassdoor.com.au/Overview/Working-at-Healthcare-Professionals-Group-EI_IE3081189.11,41.htm"
4,General Practitioner,DXC Medical Recruitment Salaries,5,2,379K,170,https://media.glassdoor.com/sql/3815159/dxc-medical-recruitment-squarelogo-1617250333488.png,"https://www.glassdoor.com.au/Overview/Working-at-DXC-Medical-Recruitment-EI_IE3815159.11,34.htm"
5,General Practitioner,Wavelength International Salaries,4.3,6,353K,--,https://media.glassdoor.com/sql/1811319/wavelength-international-squareLogo-1668033478116.png,"https://www.glassdoor.com.au/Overview/Working-at-Wavelength-International-EI_IE1811319.11,35.htm"
6,General Practitioner,Randstad,3.7,11K,184.5K,27.6K,https://media.glassdoor.com/sql/302306/randstad-squarelogo-1560525173615.png,"https://www.glassdoor.com.au/Overview/Working-at-Randstad-EI_IE302306.11,19.htm"
7,General Practitioner,Rural Workforce Agency Victoria,3.7,8,254.5K,--,https://media.glassdoor.com/sql/1321715/rural-workforce-agency-victoria-squarelogo-1631007908447.png,"https://www.glassdoor.com.au/Overview/Working-at-Rural-Workforce-Agency-Victoria-EI_IE1321715.11,42.htm"
8,General Practitioner,Sigma Resourcing,5,5,350K,--,https://media.glassdoor.com/sql/1000039/sigma-resourcing-squarelogo-1432597573549.png,"https://www.glassdoor.com.au/Overview/Working-at-Sigma-Resourcing-EI_IE1000039.11,27.htm"
9,General Practitioner,Charterhouse Partnership,4.4,152,175K,145,https://media.glassdoor.com/sql/311741/charterhouse-partnership-squarelogo-1579521172324.png,"https://www.glassdoor.com.au/Overview/Working-at-Charterhouse-Partnership-EI_IE311741.11,35.htm"
